ID	CharacterID	Level	PromotionLevel	EvolutionLevel	FixedMaxHP	InitialEnergy
0101010100	106	1	1	1	0	0
0101010110	1303	1	1	1	0	0
0101010120	1302	1	1	1	0	0
0101010130	1301	1	1	1	0	0
0101010131	1302	1	1	1	0	0
0101010200	106	1	1	1	0	0
0101010210	1303	1	1	1	0	0
0101010220	1302	1	1	1	0	0
0101010230	1301	1	1	1	0	0
0101010231	1302	1	1	1	0	0
0101010232	1303	1	1	1	0	0
0101010300	501	1	1	1	0	0
0101010301	106	1	1	1	0	0
0101010310	1303	1	1	1	0	0
0101010311	1302	1	1	1	0	0
0101010320	1302	1	1	1	0	0
0101010321	1303	1	1	1	0	0
0101010330	1301	1	1	1	0	0
0101010331	1302	1	1	1	0	0
0101010332	1302	1	1	1	0	0
0101010333	501	1	1	1	0	0
0101020100	106	2	1	1	0	0
0101020110	1303	2	1	1	0	0
0101020111	1302	2	1	1	0	0
0101020112	1303	2	1	1	0	0
0101020120	1302	2	1	1	0	0
0101020121	1301	2	1	1	0	0
0101020122	1303	2	1	1	0	0
0101020130	1301	2	1	1	0	0
0101020131	1302	2	1	1	0	0
0101020132	1303	2	1	1	0	0
0101020200	109	2	1	1	0	0
0101020201	106	2	1	1	0	0
0101020210	1303	2	1	1	0	0
0101020211	1302	2	1	1	0	0
0101020212	1303	2	1	1	0	0
0101020220	1302	2	1	1	0	0
0101020221	1301	2	1	1	0	0
0101020222	1303	2	1	1	0	0
0101020230	1301	2	1	1	0	0
0101020231	1302	2	1	1	0	0
0101020232	1303	2	1	1	0	0
0101020233	109	2	1	1	0	0
0101020300	111	2	1	1	0	0
0101020301	106	2	1	1	0	0
0101020310	1303	2	1	1	0	0
0101020311	1302	2	1	1	0	0
0101020312	1303	2	1	1	0	0
0101020320	1302	2	1	1	0	0
0101020321	1301	2	1	1	0	0
0101020322	1303	2	1	1	0	0
0101020330	1301	2	1	1	0	0
0101020331	1302	2	1	1	0	0
0101020332	1303	2	1	1	0	0
0101020333	111	2	1	1	0	0
0101020400	111	2	1	1	0	0
0101020401	106	2	1	1	0	0
0101020410	1303	2	1	1	0	0
0101020411	1302	2	1	1	0	0
0101020412	1303	2	1	1	0	0
0101020420	1302	2	1	1	0	0
0101020421	1301	2	1	1	0	0
0101020422	1303	2	1	1	0	0
0101020430	1301	2	1	1	0	0
0101020431	1302	2	1	1	0	0
0101020432	1303	2	1	1	0	0
0101020433	111	2	1	1	0	0
0101020500	109	2	1	1	0	0
0101020501	106	2	1	1	0	0
0101020510	1303	2	1	1	0	0
0101020511	1302	2	1	1	0	0
0101020512	1303	2	1	1	0	0
0101020520	1302	2	1	1	0	0
0101020521	1301	2	1	1	0	0
0101020522	1303	2	1	1	0	0
0101020530	1301	2	1	1	0	0
0101020531	1302	2	1	1	0	0
0101020532	1303	2	1	1	0	0
0101020533	111	2	1	1	0	0
0101020534	109	2	1	1	0	30
0101030100	302	3	1	1	0	0
0101030101	304	3	1	1	0	0
0101030110	1303	3	1	1	0	0
0101030111	1302	3	1	1	0	0
0101030112	1303	3	1	1	0	0
0101030120	1302	3	1	1	0	0
0101030121	1301	3	1	1	0	0
0101030122	1303	3	1	1	0	0
0101030130	1301	3	1	1	0	0
0101030131	1301	3	1	1	0	0
0101030132	1302	3	1	1	0	0
0101030133	1303	3	1	1	0	0
0101030200	309	3	1	1	0	0
0101030201	302	3	1	1	0	0
0101030202	304	3	1	1	0	0
0101030210	1303	3	1	1	0	0
0101030211	1302	3	1	1	0	0
0101030212	1303	3	1	1	0	0
0101030220	1302	3	1	1	0	0
0101030221	1301	3	1	1	0	0
0101030222	1303	3	1	1	0	0
0101030230	1301	3	1	1	0	0
0101030231	1301	3	1	1	0	0
0101030232	1302	3	1	1	0	0
0101030233	1303	3	1	1	0	0
0101030234	309	3	1	1	0	30
0101030300	603	3	1	1	0	0
0101030301	302	3	1	1	0	0
0101030302	304	3	1	1	0	0
0101030310	1303	3	1	1	0	0
0101030311	1302	3	1	1	0	0
0101030312	1303	3	1	1	0	0
0101030320	1302	3	1	1	0	0
0101030321	1301	3	1	1	0	0
0101030322	1303	3	1	1	0	0
0101030330	1301	3	1	1	0	0
0101030331	1301	3	1	1	0	0
0101030332	1302	3	1	1	0	0
0101030333	1303	3	1	1	0	0
0101030334	603	3	1	1	0	30
0101030400	308	4	1	1	0	0
0101030401	302	4	1	1	0	0
0101030402	304	4	1	1	0	0
0101030410	1303	4	1	1	0	0
0101030411	1302	4	1	1	0	0
0101030412	1303	4	1	1	0	0
0101030420	1302	4	1	1	0	0
0101030421	1301	4	1	1	0	0
0101030422	1303	4	1	1	0	0
0101030430	1301	4	1	1	0	0
0101030431	1301	4	1	1	0	0
0101030432	1302	4	1	1	0	0
0101030433	1303	4	1	1	0	0
0101030434	308	4	1	1	0	30
0101030500	501	4	1	1	0	0
0101030501	302	4	1	1	0	0
0101030502	304	4	1	1	0	0
0101030510	1303	4	1	1	0	0
0101030511	1302	4	1	1	0	0
0101030512	1303	4	1	1	0	0
0101030520	1302	4	1	1	0	0
0101030521	1301	4	1	1	0	0
0101030522	1303	4	1	1	0	0
0101030530	1301	4	1	1	0	0
0101030531	1301	4	1	1	0	0
0101030532	1302	4	1	1	0	0
0101030533	1303	4	1	1	0	0
0101030534	501	4	1	1	0	30
0101040100	208	4	1	1	0	0
0101040110	1303	4	1	1	0	0
0101040111	1302	4	1	1	0	0
0101040112	1303	4	1	1	0	0
0101040120	1302	4	1	1	0	0
0101040121	1302	4	1	1	0	0
0101040122	1301	4	1	1	0	0
0101040123	1303	4	1	1	0	0
0101040130	1301	4	1	1	0	0
0101040131	1301	4	1	1	0	0
0101040132	1302	4	1	1	0	0
0101040133	1303	4	1	1	0	0
0101040134	1301	4	1	1	0	30
0101040200	202	5	1	1	0	0
0101040201	208	5	1	1	0	0
0101040210	1303	5	1	1	0	0
0101040211	1302	5	1	1	0	0
0101040212	1303	5	1	1	0	0
0101040220	1302	5	1	1	0	0
0101040221	1302	5	1	1	0	0
0101040222	1301	5	1	1	0	0
0101040223	1303	5	1	1	0	0
0101040230	1301	5	1	1	0	0
0101040231	1301	5	1	1	0	0
0101040232	1302	5	1	1	0	0
0101040233	1303	5	1	1	0	0
0101040234	202	5	1	1	0	30
0101040300	202	5	1	1	0	0
0101040301	208	5	1	1	0	0
0101040310	1303	5	1	1	0	0
0101040311	1302	5	1	1	0	0
0101040312	1303	5	1	1	0	0
0101040320	1302	5	1	1	0	0
0101040321	1302	5	1	1	0	0
0101040322	1301	5	1	1	0	0
0101040323	1303	5	1	1	0	0
0101040330	1301	5	1	1	0	0
0101040331	1301	5	1	1	0	0
0101040332	1302	5	1	1	0	0
0101040333	1303	5	1	1	0	0
0101040334	202	5	1	1	0	30
0101040400	201	5	1	1	0	0
0101040401	208	5	1	1	0	0
0101040410	1303	5	1	1	0	0
0101040411	1302	5	1	1	0	0
0101040412	1303	5	1	1	0	0
0101040420	1302	5	1	1	0	0
0101040421	1302	5	1	1	0	0
0101040422	1301	5	1	1	0	0
0101040423	1303	5	1	1	0	0
0101040430	1301	5	1	1	0	0
0101040431	1301	5	1	1	0	0
0101040432	1302	5	1	1	0	0
0101040433	1303	5	1	1	0	0
0101040434	201	5	1	1	0	30
0101040500	501	6	1	1	0	0
0101040501	208	6	1	1	0	0
0101040502	202	6	1	1	0	0
0101040510	1303	6	1	1	0	0
0101040511	1302	6	1	1	0	0
0101040512	1303	6	1	1	0	0
0101040520	1302	6	1	1	0	0
0101040521	1302	6	1	1	0	0
0101040522	1301	6	1	1	0	0
0101040523	1303	6	1	1	0	0
0101040530	1301	6	1	1	0	0
0101040531	1301	6	1	1	0	0
0101040532	1302	6	1	1	0	0
0101040533	1303	6	1	1	0	0
0101040534	501	6	1	1	0	30
0101050110	1303	7	1	1	0	0
0101050111	1302	7	1	1	0	0
0101050112	1303	7	1	1	0	0
0101050120	1302	7	1	1	0	0
0101050121	1302	7	1	1	0	0
0101050122	1301	7	1	1	0	0
0101050123	1303	7	1	1	0	0
0101050130	1301	7	1	1	0	0
0101050131	1301	7	1	1	0	0
0101050132	1302	7	1	1	0	0
0101050133	1303	7	1	1	0	0
0101050134	1301	7	1	1	0	30
0101050200	211	7	1	1	0	0
0101050210	1303	7	1	1	0	0
0101050211	1302	7	1	1	0	0
0101050212	1303	7	1	1	0	0
0101050220	1302	7	1	1	0	0
0101050221	1302	7	1	1	0	0
0101050222	1301	7	1	1	0	0
0101050223	1303	7	1	1	0	0
0101050230	1301	7	1	1	0	0
0101050231	1301	7	1	1	0	0
0101050232	1302	7	1	1	0	0
0101050233	1303	7	1	1	0	0
0101050234	211	7	1	1	0	30
0101050310	1303	7	1	1	0	0
0101050311	1302	7	1	1	0	0
0101050312	1303	7	1	1	0	0
0101050320	1302	7	1	1	0	0
0101050321	1302	7	1	1	0	0
0101050322	1301	7	1	1	0	0
0101050323	1303	7	1	1	0	0
0101050330	1301	7	1	1	0	0
0101050331	1301	7	1	1	0	0
0101050332	1302	7	1	1	0	0
0101050333	1303	7	1	1	0	0
0101050334	1301	7	1	1	0	30
0101050400	211	8	1	1	0	0
0101050410	1303	8	1	1	0	0
0101050411	1302	8	1	1	0	0
0101050412	1303	8	1	1	0	0
0101050420	1302	8	1	1	0	0
0101050421	1302	8	1	1	0	0
0101050422	1301	8	1	1	0	0
0101050423	1303	8	1	1	0	0
0101050430	1301	8	1	1	0	0
0101050431	1301	8	1	1	0	0
0101050432	1302	8	1	1	0	0
0101050433	1303	8	1	1	0	0
0101050434	211	8	1	1	0	30
0101050510	1303	8	1	1	0	0
0101050511	1302	8	1	1	0	0
0101050512	1303	8	1	1	0	0
0101050520	1302	8	1	1	0	0
0101050521	1302	8	1	1	0	0
0101050522	1301	8	1	1	0	0
0101050523	1303	8	1	1	0	0
0101050530	1301	8	1	1	0	0
0101050531	1301	8	1	1	0	0
0101050532	1302	8	1	1	0	0
0101050533	1303	8	1	1	0	0
0101050534	1301	8	1	1	0	30
0101050600	210	8	1	1	0	0
0101050601	307	8	1	1	0	0
0101050610	1303	8	1	1	0	0
0101050611	1302	8	1	1	0	0
0101050612	1303	8	1	1	0	0
0101050620	1302	8	1	1	0	0
0101050621	1302	8	1	1	0	0
0101050622	1301	8	1	1	0	0
0101050623	1303	8	1	1	0	0
0101050630	1301	8	1	1	0	0
0101050631	1301	8	1	1	0	0
0101050632	1302	8	1	1	0	0
0101050633	1303	8	1	1	0	0
0101050634	210	8	1	1	0	30
0101050700	307	9	1	1	0	0
0101050710	1303	9	1	1	0	0
0101050711	1302	9	1	1	0	0
0101050712	1303	9	1	1	0	0
0101050720	1302	9	1	1	0	0
0101050721	1302	9	1	1	0	0
0101050722	1301	9	1	1	0	0
0101050723	1303	9	1	1	0	0
0101050730	1301	9	1	1	0	0
0101050731	1301	9	1	1	0	0
0101050732	1302	9	1	1	0	0
0101050733	1303	9	1	1	0	0
0101050734	1301	9	1	1	0	30
0101050800	210	9	1	1	0	0
0101050801	307	9	1	1	0	0
0101050810	1303	9	1	1	0	0
0101050811	1302	9	1	1	0	0
0101050812	1303	9	1	1	0	0
0101050820	1302	9	1	1	0	0
0101050821	1302	9	1	1	0	0
0101050822	1301	9	1	1	0	0
0101050823	1303	9	1	1	0	0
0101050830	1301	9	1	1	0	0
0101050831	1302	9	1	1	0	0
0101050832	1303	9	1	1	0	0
0101050833	210	9	1	1	0	0
0101050834	211	9	1	1	0	30
0101050900	307	9	1	1	0	0
0101050910	1303	9	1	1	0	0
0101050911	1302	9	1	1	0	0
0101050912	1303	9	1	1	0	0
0101050920	1302	9	1	1	0	0
0101050921	1302	9	1	1	0	0
0101050922	1301	9	1	1	0	0
0101050923	1303	9	1	1	0	0
0101050930	1301	9	1	1	0	0
0101050931	1302	9	1	1	0	0
0101050932	1303	9	1	1	0	0
0101050933	1301	9	1	1	0	0
0101050934	1301	9	1	1	0	30
0101051000	206	10	1	1	0	0
0101051001	307	10	1	1	0	0
0101051010	1303	10	1	1	0	0
0101051011	1302	10	1	1	0	0
0101051012	1303	10	1	1	0	0
0101051020	1302	10	1	1	0	0
0101051021	1302	10	1	1	0	0
0101051022	1301	10	1	1	0	0
0101051023	1303	10	1	1	0	0
0101051030	1301	10	1	1	0	0
0101051031	1302	10	1	1	0	0
0101051032	203	10	1	1	0	0
0101051033	206	10	1	1	0	0
0101051034	208	10	1	1	0	30
0101060110	1302	10	1	1	0	0
0101060111	1301	10	1	1	0	0
0101060112	1303	10	1	1	0	0
0101060120	1302	10	1	1	0	0
0101060121	1301	10	1	1	0	0
0101060122	1303	10	1	1	0	0
0101060123	1302	10	1	1	0	0
0101060130	1302	10	1	1	0	0
0101060131	1301	10	1	1	0	0
0101060132	1303	10	1	1	0	0
0101060133	1301	10	1	1	0	0
0101060134	1301	10	1	1	0	30
0101060210	1302	10	1	1	0	0
0101060211	1301	10	1	1	0	0
0101060212	1303	10	1	1	0	0
0101060220	1302	10	1	1	0	0
0101060221	1301	10	1	1	0	0
0101060222	1303	10	1	1	0	0
0101060223	1302	10	1	1	0	0
0101060230	1302	10	1	1	0	0
0101060231	1301	10	1	1	0	0
0101060232	1303	10	1	1	0	0
0101060233	1301	10	1	1	0	0
0101060234	1301	10	1	1	0	30
0101060310	1302	10	1	1	0	0
0101060311	1301	10	1	1	0	0
0101060312	1303	10	1	1	0	0
0101060320	1302	10	1	1	0	0
0101060321	1301	10	1	1	0	0
0101060322	1303	10	1	1	0	0
0101060323	1302	10	1	1	0	0
0101060330	1302	10	1	1	0	0
0101060331	1301	10	1	1	0	0
0101060332	1303	10	1	1	0	0
0101060333	1301	10	1	1	0	0
0101060334	1301	10	1	1	0	30
0101060400	211	11	1	1	0	0
0101060410	1302	11	1	1	0	0
0101060411	1301	11	1	1	0	0
0101060412	1303	11	1	1	0	0
0101060420	1302	11	1	1	0	0
0101060421	1301	11	1	1	0	0
0101060422	1303	11	1	1	0	0
0101060423	1302	11	1	1	0	0
0101060430	1302	11	1	1	0	0
0101060431	1301	11	1	1	0	0
0101060432	1303	11	1	1	0	0
0101060433	1301	11	1	1	0	0
0101060434	211	11	1	1	0	30
0101060510	1302	11	1	1	0	0
0101060511	1301	11	1	1	0	0
0101060512	1303	11	1	1	0	0
0101060520	1302	11	1	1	0	0
0101060521	1301	11	1	1	0	0
0101060522	1303	11	1	1	0	0
0101060523	1302	11	1	1	0	0
0101060530	1302	11	1	1	0	0
0101060531	1301	11	1	1	0	0
0101060532	1303	11	1	1	0	0
0101060533	1301	11	1	1	0	0
0101060534	1301	11	1	1	0	30
0101060610	1302	11	1	1	0	0
0101060611	1301	11	1	1	0	0
0101060612	1303	11	1	1	0	0
0101060620	1302	11	1	1	0	0
0101060621	1301	11	1	1	0	0
0101060622	1303	11	1	1	0	0
0101060623	1302	11	1	1	0	0
0101060630	1302	11	1	1	0	0
0101060631	1301	11	1	1	0	0
0101060632	1303	11	1	1	0	0
0101060633	1301	11	1	1	0	0
0101060634	1301	11	1	1	0	30
0101060700	210	11	1	1	0	0
0101060710	1302	11	1	1	0	0
0101060711	1301	11	1	1	0	0
0101060712	1303	11	1	1	0	0
0101060720	1302	11	1	1	0	0
0101060721	1301	11	1	1	0	0
0101060722	1303	11	1	1	0	0
0101060723	1302	11	1	1	0	0
0101060730	1302	11	1	1	0	0
0101060731	1301	11	1	1	0	0
0101060732	1303	11	1	1	0	0
0101060733	211	11	1	1	0	0
0101060734	210	11	1	1	0	30
0101060810	1302	11	1	1	0	0
0101060811	1301	11	1	1	0	0
0101060812	1303	11	1	1	0	0
0101060820	1302	11	1	1	0	0
0101060821	1301	11	1	1	0	0
0101060822	1303	11	1	1	0	0
0101060823	1302	11	1	1	0	0
0101060830	1302	11	1	1	0	0
0101060831	1301	11	1	1	0	0
0101060832	1303	11	1	1	0	0
0101060833	1301	11	1	1	0	0
0101060834	1301	11	1	1	0	30
0101060910	1302	12	1	1	0	0
0101060911	1301	12	1	1	0	0
0101060912	1303	12	1	1	0	0
0101060920	1302	12	1	1	0	0
0101060921	1301	12	1	1	0	0
0101060922	1303	12	1	1	0	0
0101060923	1302	12	1	1	0	0
0101060930	1302	12	1	1	0	0
0101060931	1301	12	1	1	0	0
0101060932	1303	12	1	1	0	0
0101060933	1301	12	1	1	0	0
0101060934	1301	12	1	1	0	30
0101061000	209	12	1	1	0	0
0101061010	1302	12	1	1	0	0
0101061011	1301	12	1	1	0	0
0101061012	1303	12	1	1	0	0
0101061020	1302	12	1	1	0	0
0101061021	1301	12	1	1	0	0
0101061022	1303	12	1	1	0	0
0101061023	1302	12	1	1	0	0
0101061030	1302	12	1	1	0	0
0101061031	1301	12	1	1	0	0
0101061032	1303	12	1	1	0	0
0101061033	1301	12	1	1	0	0
0101061034	209	12	1	1	0	30
0101061110	1302	12	1	1	0	0
0101061111	1301	12	1	1	0	0
0101061112	1303	12	1	1	0	0
0101061120	1302	12	1	1	0	0
0101061121	1301	12	1	1	0	0
0101061122	1303	12	1	1	0	0
0101061123	1302	12	1	1	0	0
0101061130	1302	12	1	1	0	0
0101061131	1301	12	1	1	0	0
0101061132	1303	12	1	1	0	0
0101061133	1301	12	1	1	0	0
0101061134	1301	12	1	1	0	30
0101061210	1302	12	1	1	0	0
0101061211	1301	12	1	1	0	0
0101061212	1303	12	1	1	0	0
0101061220	1302	12	1	1	0	0
0101061221	1301	12	1	1	0	0
0101061222	1303	12	1	1	0	0
0101061223	1302	12	1	1	0	0
0101061230	1302	12	1	1	0	0
0101061231	1301	12	1	1	0	0
0101061232	1303	12	1	1	0	0
0101061233	1301	12	1	1	0	0
0101061234	1301	12	1	1	0	30
0101061310	1302	12	1	1	0	0
0101061311	1301	12	1	1	0	0
0101061312	1303	12	1	1	0	0
0101061320	1302	12	1	1	0	0
0101061321	1301	12	1	1	0	0
0101061322	1303	12	1	1	0	0
0101061323	1302	12	1	1	0	0
0101061330	1302	12	1	1	0	0
0101061331	1301	12	1	1	0	0
0101061332	1303	12	1	1	0	0
0101061333	1301	12	1	1	0	0
0101061334	1301	12	1	1	0	30
0101061410	1302	13	1	1	0	0
0101061411	1301	13	1	1	0	0
0101061412	1303	13	1	1	0	0
0101061420	1302	13	1	1	0	0
0101061421	1301	13	1	1	0	0
0101061422	1303	13	1	1	0	0
0101061423	1302	13	1	1	0	0
0101061430	1302	13	1	1	0	0
0101061431	1301	13	1	1	0	0
0101061432	1303	13	1	1	0	0
0101061433	1301	13	1	1	0	0
0101061434	1301	13	1	1	0	30
0101061510	1302	13	1	1	0	0
0101061511	1301	13	1	1	0	0
0101061512	1303	13	1	1	0	0
0101061520	1302	13	1	1	0	0
0101061521	1301	13	1	1	0	0
0101061522	1303	13	1	1	0	0
0101061523	1302	13	1	1	0	0
0101061530	1302	13	1	1	0	0
0101061531	1301	13	1	1	0	0
0101061532	1303	13	1	1	0	0
0101061533	1301	13	1	1	0	0
0101061534	1301	13	1	1	0	30
0101061600	203	13	1	1	0	0
0101061610	1302	13	1	1	0	0
0101061611	1301	13	1	1	0	0
0101061612	1303	13	1	1	0	0
0101061620	1302	13	1	1	0	0
0101061621	1301	13	1	1	0	0
0101061622	1303	13	1	1	0	0
0101061623	1302	13	1	1	0	0
0101061630	1302	13	1	1	0	0
0101061631	1301	13	1	1	0	0
0101061632	1303	13	1	1	0	0
0101061633	1301	13	1	1	0	0
0101061634	203	13	1	1	0	30
0101061710	1302	13	1	1	0	0
0101061711	1301	13	1	1	0	0
0101061712	1303	13	1	1	0	0
0101061720	1302	13	1	1	0	0
0101061721	1301	13	1	1	0	0
0101061722	1303	13	1	1	0	0
0101061723	1302	13	1	1	0	0
0101061730	1302	13	1	1	0	0
0101061731	1301	13	1	1	0	0
0101061732	1303	13	1	1	0	0
0101061733	1301	13	1	1	0	0
0101061734	1301	13	1	1	0	30
0101061810	1302	13	1	1	0	0
0101061811	1301	13	1	1	0	0
0101061812	1303	13	1	1	0	0
0101061820	1302	13	1	1	0	0
0101061821	1301	13	1	1	0	0
0101061822	1303	13	1	1	0	0
0101061823	1302	13	1	1	0	0
0101061830	1302	13	1	1	0	0
0101061831	1301	13	1	1	0	0
0101061832	1303	13	1	1	0	0
0101061833	1301	13	1	1	0	0
0101061834	1301	13	1	1	0	30
0101061900	501	14	1	1	0	0
0101061910	1302	14	1	1	0	0
0101061911	1301	14	1	1	0	0
0101061912	1303	14	1	1	0	0
0101061920	1302	14	1	1	0	0
0101061921	1301	14	1	1	0	0
0101061922	1303	14	1	1	0	0
0101061923	1302	14	1	1	0	0
0101061930	1302	14	1	1	0	0
0101061931	1301	14	1	1	0	0
0101061932	1303	14	1	1	0	0
0101061933	1301	14	1	1	0	0
0101061934	501	14	1	1	0	30
0201010100	501	6	2	2	0	0
0201010110	1302	6	2	2	0	0
0201010111	1301	6	2	2	0	0
0201010112	1303	6	2	2	0	0
0201010120	1302	6	2	2	0	0
0201010121	1301	6	2	2	0	0
0201010122	1303	6	2	2	0	0
0201010123	1302	6	2	2	0	0
0201010130	1302	6	2	2	0	0
0201010131	1301	6	2	2	0	0
0201010132	1303	6	2	2	0	0
0201010133	1301	6	2	2	0	0
0201010134	501	6	2	2	0	30
0201010200	501	6	2	2	0	0
0201010210	1302	6	2	2	0	0
0201010211	1301	6	2	2	0	0
0201010212	1303	6	2	2	0	0
0201010220	1302	6	2	2	0	0
0201010221	1301	6	2	2	0	0
0201010222	1303	6	2	2	0	0
0201010223	1302	6	2	2	0	0
0201010230	1302	6	2	2	0	0
0201010231	1301	6	2	2	0	0
0201010232	1303	6	2	2	0	0
0201010233	1301	6	2	2	0	0
0201010234	501	6	2	2	0	30
0201010300	501	6	2	2	0	0
0201010310	1302	6	2	2	0	0
0201010311	1301	6	2	2	0	0
0201010312	1303	6	2	2	0	0
0201010320	1302	6	2	2	0	0
0201010321	1301	6	2	2	0	0
0201010322	1303	6	2	2	0	0
0201010323	1302	6	2	2	0	0
0201010330	1302	6	2	2	0	0
0201010331	1301	6	2	2	0	0
0201010332	1303	6	2	2	0	0
0201010333	1301	6	2	2	0	0
0201010334	501	6	2	2	0	30
0201020100	501	7	2	2	0	0
0201020110	1302	7	2	2	0	0
0201020111	1301	7	2	2	0	0
0201020112	1303	7	2	2	0	0
0201020120	1302	7	2	2	0	0
0201020121	1301	7	2	2	0	0
0201020122	1303	7	2	2	0	0
0201020123	1302	7	2	2	0	0
0201020130	1302	7	2	2	0	0
0201020131	1301	7	2	2	0	0
0201020132	1303	7	2	2	0	0
0201020133	1301	7	2	2	0	0
0201020134	501	7	2	2	0	30
0201020200	501	7	2	2	0	0
0201020210	1302	7	2	2	0	0
0201020211	1301	7	2	2	0	0
0201020212	1303	7	2	2	0	0
0201020220	1302	7	2	2	0	0
0201020221	1301	7	2	2	0	0
0201020222	1303	7	2	2	0	0
0201020223	1302	7	2	2	0	0
0201020230	1302	7	2	2	0	0
0201020231	1301	7	2	2	0	0
0201020232	1303	7	2	2	0	0
0201020233	1301	7	2	2	0	0
0201020234	501	7	2	2	0	30
0201020300	501	7	2	2	0	0
0201020310	1302	7	2	2	0	0
0201020311	1301	7	2	2	0	0
0201020312	1303	7	2	2	0	0
0201020320	1302	7	2	2	0	0
0201020321	1301	7	2	2	0	0
0201020322	1303	7	2	2	0	0
0201020323	1302	7	2	2	0	0
0201020330	1302	7	2	2	0	0
0201020331	1301	7	2	2	0	0
0201020332	1303	7	2	2	0	0
0201020333	1301	7	2	2	0	0
0201020334	501	7	2	2	0	30
0201020400	501	7	2	2	0	0
0201020410	1302	7	2	2	0	0
0201020411	1301	7	2	2	0	0
0201020412	1303	7	2	2	0	0
0201020420	1302	7	2	2	0	0
0201020421	1301	7	2	2	0	0
0201020422	1303	7	2	2	0	0
0201020423	1302	7	2	2	0	0
0201020430	1302	7	2	2	0	0
0201020431	1301	7	2	2	0	0
0201020432	1303	7	2	2	0	0
0201020433	1301	7	2	2	0	0
0201020434	501	7	2	2	0	30
0201020500	501	8	2	2	0	0
0201020510	1302	8	2	2	0	0
0201020511	1301	8	2	2	0	0
0201020512	1303	8	2	2	0	0
0201020520	1302	8	2	2	0	0
0201020521	1301	8	2	2	0	0
0201020522	1303	8	2	2	0	0
0201020523	1302	8	2	2	0	0
0201020530	1302	8	2	2	0	0
0201020531	1301	8	2	2	0	0
0201020532	1303	8	2	2	0	0
0201020533	1301	8	2	2	0	0
0201020534	501	8	2	2	0	30
0201030100	501	8	2	2	0	0
0201030110	1302	8	2	2	0	0
0201030111	1301	8	2	2	0	0
0201030112	1303	8	2	2	0	0
0201030120	1302	8	2	2	0	0
0201030121	1301	8	2	2	0	0
0201030122	1303	8	2	2	0	0
0201030123	1302	8	2	2	0	0
0201030130	1302	8	2	2	0	0
0201030131	1301	8	2	2	0	0
0201030132	1303	8	2	2	0	0
0201030133	1301	8	2	2	0	0
0201030134	501	8	2	2	0	30
0201030200	501	8	2	2	0	0
0201030210	1302	8	2	2	0	0
0201030211	1301	8	2	2	0	0
0201030212	1303	8	2	2	0	0
0201030220	1302	8	2	2	0	0
0201030221	1301	8	2	2	0	0
0201030222	1303	8	2	2	0	0
0201030223	1302	8	2	2	0	0
0201030230	1302	8	2	2	0	0
0201030231	1301	8	2	2	0	0
0201030232	1303	8	2	2	0	0
0201030233	1301	8	2	2	0	0
0201030234	501	8	2	2	0	30
0201030300	501	8	2	2	0	0
0201030310	1302	8	2	2	0	0
0201030311	1301	8	2	2	0	0
0201030312	1303	8	2	2	0	0
0201030320	1302	8	2	2	0	0
0201030321	1301	8	2	2	0	0
0201030322	1303	8	2	2	0	0
0201030323	1302	8	2	2	0	0
0201030330	1302	8	2	2	0	0
0201030331	1301	8	2	2	0	0
0201030332	1303	8	2	2	0	0
0201030333	1301	8	2	2	0	0
0201030334	501	8	2	2	0	30
0201030400	501	8	2	2	0	0
0201030410	1302	8	2	2	0	0
0201030411	1301	8	2	2	0	0
0201030412	1303	8	2	2	0	0
0201030420	1302	8	2	2	0	0
0201030421	1301	8	2	2	0	0
0201030422	1303	8	2	2	0	0
0201030423	1302	8	2	2	0	0
0201030430	1302	8	2	2	0	0
0201030431	1301	8	2	2	0	0
0201030432	1303	8	2	2	0	0
0201030433	1301	8	2	2	0	0
0201030434	501	8	2	2	0	30
0201030500	501	9	2	2	0	0
0201030510	1302	9	2	2	0	0
0201030511	1301	9	2	2	0	0
0201030512	1303	9	2	2	0	0
0201030520	1302	9	2	2	0	0
0201030521	1301	9	2	2	0	0
0201030522	1303	9	2	2	0	0
0201030523	1302	9	2	2	0	0
0201030530	1302	9	2	2	0	0
0201030531	1301	9	2	2	0	0
0201030532	1303	9	2	2	0	0
0201030533	1301	9	2	2	0	0
0201030534	501	9	2	2	0	30
0201040100	501	9	2	2	0	0
0201040110	1302	9	2	2	0	0
0201040111	1301	9	2	2	0	0
0201040112	1303	9	2	2	0	0
0201040120	1302	9	2	2	0	0
0201040121	1301	9	2	2	0	0
0201040122	1303	9	2	2	0	0
0201040123	1302	9	2	2	0	0
0201040130	1302	9	2	2	0	0
0201040131	1301	9	2	2	0	0
0201040132	1303	9	2	2	0	0
0201040133	1301	9	2	2	0	0
0201040134	501	9	2	2	0	30
0201040200	501	9	2	2	0	0
0201040210	1302	9	2	2	0	0
0201040211	1301	9	2	2	0	0
0201040212	1303	9	2	2	0	0
0201040220	1302	9	2	2	0	0
0201040221	1301	9	2	2	0	0
0201040222	1303	9	2	2	0	0
0201040223	1302	9	2	2	0	0
0201040230	1302	9	2	2	0	0
0201040231	1301	9	2	2	0	0
0201040232	1303	9	2	2	0	0
0201040233	1301	9	2	2	0	0
0201040234	501	9	2	2	0	30
0201040300	501	9	2	2	0	0
0201040310	1302	9	2	2	0	0
0201040311	1301	9	2	2	0	0
0201040312	1303	9	2	2	0	0
0201040320	1302	9	2	2	0	0
0201040321	1301	9	2	2	0	0
0201040322	1303	9	2	2	0	0
0201040323	1302	9	2	2	0	0
0201040330	1302	9	2	2	0	0
0201040331	1301	9	2	2	0	0
0201040332	1303	9	2	2	0	0
0201040333	1301	9	2	2	0	0
0201040334	501	9	2	2	0	30
0201040400	501	9	2	2	0	0
0201040410	1302	9	2	2	0	0
0201040411	1301	9	2	2	0	0
0201040412	1303	9	2	2	0	0
0201040420	1302	9	2	2	0	0
0201040421	1301	9	2	2	0	0
0201040422	1303	9	2	2	0	0
0201040423	1302	9	2	2	0	0
0201040430	1302	9	2	2	0	0
0201040431	1301	9	2	2	0	0
0201040432	1303	9	2	2	0	0
0201040433	1301	9	2	2	0	0
0201040434	501	9	2	2	0	30
0201040500	501	10	2	2	0	0
0201040510	1302	10	2	2	0	0
0201040511	1301	10	2	2	0	0
0201040512	1303	10	2	2	0	0
0201040520	1302	10	2	2	0	0
0201040521	1301	10	2	2	0	0
0201040522	1303	10	2	2	0	0
0201040523	1302	10	2	2	0	0
0201040530	1302	10	2	2	0	0
0201040531	1301	10	2	2	0	0
0201040532	1303	10	2	2	0	0
0201040533	1301	10	2	2	0	0
0201040534	501	10	2	2	0	30
0201050200	501	11	2	2	0	0
0201050210	1302	11	2	2	0	0
0201050211	1301	11	2	2	0	0
0201050212	1303	11	2	2	0	0
0201050220	1302	11	2	2	0	0
0201050221	1301	11	2	2	0	0
0201050222	1303	11	2	2	0	0
0201050223	1302	11	2	2	0	0
0201050230	1302	11	2	2	0	0
0201050231	1301	11	2	2	0	0
0201050232	1303	11	2	2	0	0
0201050233	1301	11	2	2	0	0
0201050234	501	11	2	2	0	30
0201050400	501	11	2	2	0	0
0201050410	1302	11	2	2	0	0
0201050411	1301	11	2	2	0	0
0201050412	1303	11	2	2	0	0
0201050420	1302	11	2	2	0	0
0201050421	1301	11	2	2	0	0
0201050422	1303	11	2	2	0	0
0201050423	1302	11	2	2	0	0
0201050430	1302	11	2	2	0	0
0201050431	1301	11	2	2	0	0
0201050432	1303	11	2	2	0	0
0201050433	1301	11	2	2	0	0
0201050434	501	11	2	2	0	30
0201050600	501	11	2	2	0	0
0201050610	1302	11	2	2	0	0
0201050611	1301	11	2	2	0	0
0201050612	1303	11	2	2	0	0
0201050620	1302	11	2	2	0	0
0201050621	1301	11	2	2	0	0
0201050622	1303	11	2	2	0	0
0201050623	1302	11	2	2	0	0
0201050630	1302	11	2	2	0	0
0201050631	1301	11	2	2	0	0
0201050632	1303	11	2	2	0	0
0201050633	1301	11	2	2	0	0
0201050634	501	11	2	2	0	30
0201050800	501	12	2	2	0	0
0201050810	1302	12	2	2	0	0
0201050811	1301	12	2	2	0	0
0201050812	1303	12	2	2	0	0
0201050820	1302	12	2	2	0	0
0201050821	1301	12	2	2	0	0
0201050822	1303	12	2	2	0	0
0201050823	1302	12	2	2	0	0
0201050830	1302	12	2	2	0	0
0201050831	1301	12	2	2	0	0
0201050832	1303	12	2	2	0	0
0201050833	1301	12	2	2	0	0
0201050834	501	12	2	2	0	30
0201051000	501	12	2	2	0	0
0201051010	1302	12	2	2	0	0
0201051011	1301	12	2	2	0	0
0201051012	1303	12	2	2	0	0
0201051020	1302	12	2	2	0	0
0201051021	1301	12	2	2	0	0
0201051022	1303	12	2	2	0	0
0201051023	1302	12	2	2	0	0
0201051030	1302	12	2	2	0	0
0201051031	1301	12	2	2	0	0
0201051032	1303	12	2	2	0	0
0201051033	1301	12	2	2	0	0
0201051034	501	12	2	2	0	30
0201060100	501	12	2	2	0	0
0201060110	1302	12	2	2	0	0
0201060111	1301	12	2	2	0	0
0201060112	1303	12	2	2	0	0
0201060120	1302	12	2	2	0	0
0201060121	1301	12	2	2	0	0
0201060122	1303	12	2	2	0	0
0201060123	1302	12	2	2	0	0
0201060130	1302	12	2	2	0	0
0201060131	1301	12	2	2	0	0
0201060132	1303	12	2	2	0	0
0201060133	1301	12	2	2	0	0
0201060134	501	12	2	2	0	30
0201060400	501	13	2	2	0	0
0201060410	1302	13	2	2	0	0
0201060411	1301	13	2	2	0	0
0201060412	1303	13	2	2	0	0
0201060420	1302	13	2	2	0	0
0201060421	1301	13	2	2	0	0
0201060422	1303	13	2	2	0	0
0201060423	1302	13	2	2	0	0
0201060430	1302	13	2	2	0	0
0201060431	1301	13	2	2	0	0
0201060432	1303	13	2	2	0	0
0201060433	1301	13	2	2	0	0
0201060434	501	13	2	2	0	30
0201060700	501	13	2	2	0	0
0201060710	1302	13	2	2	0	0
0201060711	1301	13	2	2	0	0
0201060712	1303	13	2	2	0	0
0201060720	1302	13	2	2	0	0
0201060721	1301	13	2	2	0	0
0201060722	1303	13	2	2	0	0
0201060723	1302	13	2	2	0	0
0201060730	1302	13	2	2	0	0
0201060731	1301	13	2	2	0	0
0201060732	1303	13	2	2	0	0
0201060733	1301	13	2	2	0	0
0201060734	501	13	2	2	0	30
0201061000	501	13	2	2	0	0
0201061010	1302	13	2	2	0	0
0201061011	1301	13	2	2	0	0
0201061012	1303	13	2	2	0	0
0201061020	1302	13	2	2	0	0
0201061021	1301	13	2	2	0	0
0201061022	1303	13	2	2	0	0
0201061023	1302	13	2	2	0	0
0201061030	1302	13	2	2	0	0
0201061031	1301	13	2	2	0	0
0201061032	1303	13	2	2	0	0
0201061033	1301	13	2	2	0	0
0201061034	501	13	2	2	0	30
0201061300	501	13	2	2	0	0
0201061310	1302	13	2	2	0	0
0201061311	1301	13	2	2	0	0
0201061312	1303	13	2	2	0	0
0201061320	1302	13	2	2	0	0
0201061321	1301	13	2	2	0	0
0201061322	1303	13	2	2	0	0
0201061323	1302	13	2	2	0	0
0201061330	1302	13	2	2	0	0
0201061331	1301	13	2	2	0	0
0201061332	1303	13	2	2	0	0
0201061333	1301	13	2	2	0	0
0201061334	501	13	2	2	0	30
0201061600	501	14	2	2	0	0
0201061610	1302	14	2	2	0	0
0201061611	1301	14	2	2	0	0
0201061612	1303	14	2	2	0	0
0201061620	1302	14	2	2	0	0
0201061621	1301	14	2	2	0	0
0201061622	1303	14	2	2	0	0
0201061623	1302	14	2	2	0	0
0201061630	1302	14	2	2	0	0
0201061631	1301	14	2	2	0	0
0201061632	1303	14	2	2	0	0
0201061633	1301	14	2	2	0	0
0201061634	501	14	2	2	0	30
0201061900	501	15	2	2	0	0
0201061910	1302	15	2	2	0	0
0201061911	1301	15	2	2	0	0
0201061912	1303	15	2	2	0	0
0201061920	1302	15	2	2	0	0
0201061921	1301	15	2	2	0	0
0201061922	1303	15	2	2	0	0
0201061923	1302	15	2	2	0	0
0201061930	1302	15	2	2	0	0
0201061931	1301	15	2	2	0	0
0201061932	1303	15	2	2	0	0
0201061933	1301	15	2	2	0	0
0201061934	501	15	2	2	0	30
0301000100	309	5	2	3	0	0
0301000110	1304	5	2	3	0	0
0301000111	1302	5	2	3	0	0
0301000112	1303	5	2	3	0	0
0301000113	1303	5	2	3	0	0
0301000120	1301	5	2	3	0	0
0301000121	1302	5	2	3	0	0
0301000122	1303	5	2	3	0	0
0301000123	1304	5	2	3	0	0
0301000130	309	5	2	3	0	0
0301000131	1301	5	2	3	0	0
0301000132	1302	5	2	3	0	0
0301000133	1303	5	2	3	0	0
0301000134	1304	5	2	3	0	30
0301000200	309	10	4	3	0	0
0301000210	1304	10	4	3	0	0
0301000211	1302	10	4	3	0	0
0301000212	1303	10	4	3	0	0
0301000213	1303	10	4	3	0	0
0301000220	1301	10	4	3	0	0
0301000221	1302	10	4	3	0	0
0301000222	1303	10	4	3	0	0
0301000223	1304	10	4	3	0	0
0301000230	309	10	4	3	0	0
0301000231	1301	10	4	3	0	0
0301000232	1302	10	4	3	0	0
0301000233	1303	10	4	3	0	0
0301000234	1304	10	4	3	0	30
0301000300	309	20	6	3	0	0
0301000310	1304	20	6	3	0	0
0301000311	1302	20	6	3	0	0
0301000312	1303	20	6	3	0	0
0301000313	1303	20	6	3	0	0
0301000320	1301	20	6	3	0	0
0301000321	1302	20	6	3	0	0
0301000322	1303	20	6	3	0	0
0301000323	1304	20	6	3	0	0
0301000330	309	20	6	3	0	0
0301000331	1301	20	6	3	0	0
0301000332	1302	20	6	3	0	0
0301000333	1303	20	6	3	0	0
0301000334	1304	20	6	3	0	30
0301000400	309	30	8	3	0	0
0301000410	1304	30	8	3	0	0
0301000411	1302	30	8	3	0	0
0301000412	1303	30	8	3	0	0
0301000413	1303	30	8	3	0	0
0301000420	1301	30	8	3	0	0
0301000421	1302	30	8	3	0	0
0301000422	1303	30	8	3	0	0
0301000423	1304	30	8	3	0	0
0301000430	309	30	8	3	0	0
0301000431	1301	30	8	3	0	0
0301000432	1302	30	8	3	0	0
0301000433	1303	30	8	3	0	0
0301000434	1304	30	8	3	0	30
0301000500	309	40	10	3	0	0
0301000510	1304	40	10	3	0	0
0301000511	1302	40	10	3	0	0
0301000512	1303	40	10	3	0	0
0301000513	1303	40	10	3	0	0
0301000520	1301	40	10	3	0	0
0301000521	1302	40	10	3	0	0
0301000522	1303	40	10	3	0	0
0301000523	1304	40	10	3	0	0
0301000530	309	40	10	3	0	0
0301000531	1301	40	10	3	0	0
0301000532	1302	40	10	3	0	0
0301000533	1303	40	10	3	0	0
0301000534	1304	40	10	3	0	30
0301000600	309	50	12	3	0	0
0301000610	1304	50	12	3	0	0
0301000611	1302	50	12	3	0	0
0301000612	1303	50	12	3	0	0
0301000613	1303	50	12	3	0	0
0301000620	1301	50	12	3	0	0
0301000621	1302	50	12	3	0	0
0301000622	1303	50	12	3	0	0
0301000623	1304	50	12	3	0	0
0301000630	309	50	12	3	0	0
0301000631	1301	50	12	3	0	0
0301000632	1302	50	12	3	0	0
0301000633	1303	50	12	3	0	0
0301000634	1304	50	12	3	0	30
0302000100	105	5	2	3	0	0
0302000110	1305	5	2	3	0	0
0302000111	1302	5	2	3	0	0
0302000112	1303	5	2	3	0	0
0302000113	1303	5	2	3	0	0
0302000120	1301	5	2	3	0	0
0302000121	1302	5	2	3	0	0
0302000122	1303	5	2	3	0	0
0302000123	1305	5	2	3	0	0
0302000130	105	5	2	3	0	0
0302000131	1301	5	2	3	0	0
0302000132	1302	5	2	3	0	0
0302000133	1303	5	2	3	0	0
0302000134	1305	5	2	3	0	30
0302000200	105	10	4	3	0	0
0302000210	1305	10	4	3	0	0
0302000211	1302	10	4	3	0	0
0302000212	1303	10	4	3	0	0
0302000213	1303	10	4	3	0	0
0302000220	1301	10	4	3	0	0
0302000221	1302	10	4	3	0	0
0302000222	1303	10	4	3	0	0
0302000223	1305	10	4	3	0	0
0302000230	105	10	4	3	0	0
0302000231	1301	10	4	3	0	0
0302000232	1302	10	4	3	0	0
0302000233	1303	10	4	3	0	0
0302000234	1305	10	4	3	0	30
0302000300	105	20	6	3	0	0
0302000310	1305	20	6	3	0	0
0302000311	1302	20	6	3	0	0
0302000312	1303	20	6	3	0	0
0302000313	1303	20	6	3	0	0
0302000320	1301	20	6	3	0	0
0302000321	1302	20	6	3	0	0
0302000322	1303	20	6	3	0	0
0302000323	1305	20	6	3	0	0
0302000330	105	20	6	3	0	0
0302000331	1301	20	6	3	0	0
0302000332	1302	20	6	3	0	0
0302000333	1303	20	6	3	0	0
0302000334	1305	20	6	3	0	30
0302000400	105	30	8	3	0	0
0302000410	1305	30	8	3	0	0
0302000411	1302	30	8	3	0	0
0302000412	1303	30	8	3	0	0
0302000413	1303	30	8	3	0	0
0302000420	1301	30	8	3	0	0
0302000421	1302	30	8	3	0	0
0302000422	1303	30	8	3	0	0
0302000423	1305	30	8	3	0	0
0302000430	105	30	8	3	0	0
0302000431	1301	30	8	3	0	0
0302000432	1302	30	8	3	0	0
0302000433	1303	30	8	3	0	0
0302000434	1305	30	8	3	0	30
0302000500	105	40	10	3	0	0
0302000510	1305	40	10	3	0	0
0302000511	1302	40	10	3	0	0
0302000512	1303	40	10	3	0	0
0302000513	1303	40	10	3	0	0
0302000520	1301	40	10	3	0	0
0302000521	1302	40	10	3	0	0
0302000522	1303	40	10	3	0	0
0302000523	1305	40	10	3	0	0
0302000530	105	40	10	3	0	0
0302000531	1301	40	10	3	0	0
0302000532	1302	40	10	3	0	0
0302000533	1303	40	10	3	0	0
0302000534	1305	40	10	3	0	30
0302000600	105	50	12	3	0	0
0302000610	1305	50	12	3	0	0
0302000611	1302	50	12	3	0	0
0302000612	1303	50	12	3	0	0
0302000613	1303	50	12	3	0	0
0302000620	1301	50	12	3	0	0
0302000621	1302	50	12	3	0	0
0302000622	1303	50	12	3	0	0
0302000623	1305	50	12	3	0	0
0302000630	105	50	12	3	0	0
0302000631	1301	50	12	3	0	0
0302000632	1302	50	12	3	0	0
0302000633	1303	50	12	3	0	0
0302000634	1305	50	12	3	0	30
0303000100	206	5	2	3	0	0
0303000110	1304	5	2	3	0	0
0303000111	1302	5	2	3	0	0
0303000112	1303	5	2	3	0	0
0303000113	1303	5	2	3	0	0
0303000120	1301	5	2	3	0	0
0303000121	1302	5	2	3	0	0
0303000122	1303	5	2	3	0	0
0303000123	1304	5	2	3	0	0
0303000130	206	5	2	3	0	0
0303000131	1301	5	2	3	0	0
0303000132	1302	5	2	3	0	0
0303000133	1303	5	2	3	0	0
0303000134	1304	5	2	3	0	30
0303000200	206	10	4	3	0	0
0303000210	1304	10	4	3	0	0
0303000211	1302	10	4	3	0	0
0303000212	1303	10	4	3	0	0
0303000213	1303	10	4	3	0	0
0303000220	1301	10	4	3	0	0
0303000221	1302	10	4	3	0	0
0303000222	1303	10	4	3	0	0
0303000223	1304	10	4	3	0	0
0303000230	206	10	4	3	0	0
0303000231	1301	10	4	3	0	0
0303000232	1302	10	4	3	0	0
0303000233	1303	10	4	3	0	0
0303000234	1304	10	4	3	0	30
0303000300	206	20	6	3	0	0
0303000310	1304	20	6	3	0	0
0303000311	1302	20	6	3	0	0
0303000312	1303	20	6	3	0	0
0303000313	1303	20	6	3	0	0
0303000320	1301	20	6	3	0	0
0303000321	1302	20	6	3	0	0
0303000322	1303	20	6	3	0	0
0303000323	1304	20	6	3	0	0
0303000330	206	20	6	3	0	0
0303000331	1301	20	6	3	0	0
0303000332	1302	20	6	3	0	0
0303000333	1303	20	6	3	0	0
0303000334	1304	20	6	3	0	30
0303000400	206	30	8	3	0	0
0303000410	1304	30	8	3	0	0
0303000411	1302	30	8	3	0	0
0303000412	1303	30	8	3	0	0
0303000413	1303	30	8	3	0	0
0303000420	1301	30	8	3	0	0
0303000421	1302	30	8	3	0	0
0303000422	1303	30	8	3	0	0
0303000423	1304	30	8	3	0	0
0303000430	206	30	8	3	0	0
0303000431	1301	30	8	3	0	0
0303000432	1302	30	8	3	0	0
0303000433	1303	30	8	3	0	0
0303000434	1304	30	8	3	0	30
0303000500	206	40	10	3	0	0
0303000510	1304	40	10	3	0	0
0303000511	1302	40	10	3	0	0
0303000512	1303	40	10	3	0	0
0303000513	1303	40	10	3	0	0
0303000520	1301	40	10	3	0	0
0303000521	1302	40	10	3	0	0
0303000522	1303	40	10	3	0	0
0303000523	1304	40	10	3	0	0
0303000530	206	40	10	3	0	0
0303000531	1301	40	10	3	0	0
0303000532	1302	40	10	3	0	0
0303000533	1303	40	10	3	0	0
0303000534	1304	40	10	3	0	30
0303000600	206	50	12	3	0	0
0303000610	1304	50	12	3	0	0
0303000611	1302	50	12	3	0	0
0303000612	1303	50	12	3	0	0
0303000613	1303	50	12	3	0	0
0303000620	1301	50	12	3	0	0
0303000621	1302	50	12	3	0	0
0303000622	1303	50	12	3	0	0
0303000623	1304	50	12	3	0	0
0303000630	206	50	12	3	0	0
0303000631	1301	50	12	3	0	0
0303000632	1302	50	12	3	0	0
0303000633	1303	50	12	3	0	0
0303000634	1304	50	12	3	0	30
0304000100	101	5	2	3	0	0
0304000110	1305	5	2	3	0	0
0304000111	1302	5	2	3	0	0
0304000112	1303	5	2	3	0	0
0304000113	1303	5	2	3	0	0
0304000120	1301	5	2	3	0	0
0304000121	1302	5	2	3	0	0
0304000122	1303	5	2	3	0	0
0304000123	1305	5	2	3	0	0
0304000130	101	5	2	3	0	0
0304000131	1301	5	2	3	0	0
0304000132	1302	5	2	3	0	0
0304000133	1303	5	2	3	0	0
0304000134	1305	5	2	3	0	30
0304000200	101	10	4	3	0	0
0304000210	1305	10	4	3	0	0
0304000211	1302	10	4	3	0	0
0304000212	1303	10	4	3	0	0
0304000213	1303	10	4	3	0	0
0304000220	1301	10	4	3	0	0
0304000221	1302	10	4	3	0	0
0304000222	1303	10	4	3	0	0
0304000223	1305	10	4	3	0	0
0304000230	101	10	4	3	0	0
0304000231	1301	10	4	3	0	0
0304000232	1302	10	4	3	0	0
0304000233	1303	10	4	3	0	0
0304000234	1305	10	4	3	0	30
0304000300	101	20	6	3	0	0
0304000310	1305	20	6	3	0	0
0304000311	1302	20	6	3	0	0
0304000312	1303	20	6	3	0	0
0304000313	1303	20	6	3	0	0
0304000320	1301	20	6	3	0	0
0304000321	1302	20	6	3	0	0
0304000322	1303	20	6	3	0	0
0304000323	1305	20	6	3	0	0
0304000330	101	20	6	3	0	0
0304000331	1301	20	6	3	0	0
0304000332	1302	20	6	3	0	0
0304000333	1303	20	6	3	0	0
0304000334	1305	20	6	3	0	30
0304000400	101	30	8	3	0	0
0304000410	1305	30	8	3	0	0
0304000411	1302	30	8	3	0	0
0304000412	1303	30	8	3	0	0
0304000413	1303	30	8	3	0	0
0304000420	1301	30	8	3	0	0
0304000421	1302	30	8	3	0	0
0304000422	1303	30	8	3	0	0
0304000423	1305	30	8	3	0	0
0304000430	101	30	8	3	0	0
0304000431	1301	30	8	3	0	0
0304000432	1302	30	8	3	0	0
0304000433	1303	30	8	3	0	0
0304000434	1305	30	8	3	0	30
0304000500	101	40	10	3	0	0
0304000510	1305	40	10	3	0	0
0304000511	1302	40	10	3	0	0
0304000512	1303	40	10	3	0	0
0304000513	1303	40	10	3	0	0
0304000520	1301	40	10	3	0	0
0304000521	1302	40	10	3	0	0
0304000522	1303	40	10	3	0	0
0304000523	1305	40	10	3	0	0
0304000530	101	40	10	3	0	0
0304000531	1301	40	10	3	0	0
0304000532	1302	40	10	3	0	0
0304000533	1303	40	10	3	0	0
0304000534	1305	40	10	3	0	30
0304000600	101	50	12	3	0	0
0304000610	1305	50	12	3	0	0
0304000611	1302	50	12	3	0	0
0304000612	1303	50	12	3	0	0
0304000613	1303	50	12	3	0	0
0304000620	1301	50	12	3	0	0
0304000621	1302	50	12	3	0	0
0304000622	1303	50	12	3	0	0
0304000623	1305	50	12	3	0	0
0304000630	101	50	12	3	0	0
0304000631	1301	50	12	3	0	0
0304000632	1302	50	12	3	0	0
0304000633	1303	50	12	3	0	0
0304000634	1305	50	12	3	0	30
0401000100	309	5	2	3	0	0
0401000110	1304	5	2	3	0	0
0401000111	1302	5	2	3	0	0
0401000112	1303	5	2	3	0	0
0401000113	1303	5	2	3	0	0
0401000120	1301	5	2	3	0	0
0401000121	1302	5	2	3	0	0
0401000122	1303	5	2	3	0	0
0401000123	1304	5	2	3	0	0
0401000130	309	5	2	3	0	0
0401000131	1301	5	2	3	0	0
0401000132	1302	5	2	3	0	0
0401000133	1303	5	2	3	0	0
0401000134	1304	5	2	3	0	30
0401000200	309	10	4	3	0	0
0401000210	1304	10	4	3	0	0
0401000211	1302	10	4	3	0	0
0401000212	1303	10	4	3	0	0
0401000213	1303	10	4	3	0	0
0401000220	1301	10	4	3	0	0
0401000221	1302	10	4	3	0	0
0401000222	1303	10	4	3	0	0
0401000223	1304	10	4	3	0	0
0401000230	309	10	4	3	0	0
0401000231	1301	10	4	3	0	0
0401000232	1302	10	4	3	0	0
0401000233	1303	10	4	3	0	0
0401000234	1304	10	4	3	0	30
0401000300	309	20	6	3	0	0
0401000310	1304	20	6	3	0	0
0401000311	1302	20	6	3	0	0
0401000312	1303	20	6	3	0	0
0401000313	1303	20	6	3	0	0
0401000320	1301	20	6	3	0	0
0401000321	1302	20	6	3	0	0
0401000322	1303	20	6	3	0	0
0401000323	1304	20	6	3	0	0
0401000330	309	20	6	3	0	0
0401000331	1301	20	6	3	0	0
0401000332	1302	20	6	3	0	0
0401000333	1303	20	6	3	0	0
0401000334	1304	20	6	3	0	30
0401000400	309	30	8	3	0	0
0401000410	1304	30	8	3	0	0
0401000411	1302	30	8	3	0	0
0401000412	1303	30	8	3	0	0
0401000413	1303	30	8	3	0	0
0401000420	1301	30	8	3	0	0
0401000421	1302	30	8	3	0	0
0401000422	1303	30	8	3	0	0
0401000423	1304	30	8	3	0	0
0401000430	309	30	8	3	0	0
0401000431	1301	30	8	3	0	0
0401000432	1302	30	8	3	0	0
0401000433	1303	30	8	3	0	0
0401000434	1304	30	8	3	0	30
0401000500	309	40	10	3	0	0
0401000510	1304	40	10	3	0	0
0401000511	1302	40	10	3	0	0
0401000512	1303	40	10	3	0	0
0401000513	1303	40	10	3	0	0
0401000520	1301	40	10	3	0	0
0401000521	1302	40	10	3	0	0
0401000522	1303	40	10	3	0	0
0401000523	1304	40	10	3	0	0
0401000530	309	40	10	3	0	0
0401000531	1301	40	10	3	0	0
0401000532	1302	40	10	3	0	0
0401000533	1303	40	10	3	0	0
0401000534	1304	40	10	3	0	30
0401000600	309	50	12	3	0	0
0401000610	1304	50	12	3	0	0
0401000611	1302	50	12	3	0	0
0401000612	1303	50	12	3	0	0
0401000613	1303	50	12	3	0	0
0401000620	1301	50	12	3	0	0
0401000621	1302	50	12	3	0	0
0401000622	1303	50	12	3	0	0
0401000623	1304	50	12	3	0	0
0401000630	309	50	12	3	0	0
0401000631	1301	50	12	3	0	0
0401000632	1302	50	12	3	0	0
0401000633	1303	50	12	3	0	0
0401000634	1304	50	12	3	0	30
0402000100	105	5	2	3	0	0
0402000110	1305	5	2	3	0	0
0402000111	1302	5	2	3	0	0
0402000112	1303	5	2	3	0	0
0402000113	1303	5	2	3	0	0
0402000120	1301	5	2	3	0	0
0402000121	1302	5	2	3	0	0
0402000122	1303	5	2	3	0	0
0402000123	1305	5	2	3	0	0
0402000130	105	5	2	3	0	0
0402000131	1301	5	2	3	0	0
0402000132	1302	5	2	3	0	0
0402000133	1303	5	2	3	0	0
0402000134	1305	5	2	3	0	30
0402000200	105	10	4	3	0	0
0402000210	1305	10	4	3	0	0
0402000211	1302	10	4	3	0	0
0402000212	1303	10	4	3	0	0
0402000213	1303	10	4	3	0	0
0402000220	1301	10	4	3	0	0
0402000221	1302	10	4	3	0	0
0402000222	1303	10	4	3	0	0
0402000223	1305	10	4	3	0	0
0402000230	105	10	4	3	0	0
0402000231	1301	10	4	3	0	0
0402000232	1302	10	4	3	0	0
0402000233	1303	10	4	3	0	0
0402000234	1305	10	4	3	0	30
0402000300	105	20	6	3	0	0
0402000310	1305	20	6	3	0	0
0402000311	1302	20	6	3	0	0
0402000312	1303	20	6	3	0	0
0402000313	1303	20	6	3	0	0
0402000320	1301	20	6	3	0	0
0402000321	1302	20	6	3	0	0
0402000322	1303	20	6	3	0	0
0402000323	1305	20	6	3	0	0
0402000330	105	20	6	3	0	0
0402000331	1301	20	6	3	0	0
0402000332	1302	20	6	3	0	0
0402000333	1303	20	6	3	0	0
0402000334	1305	20	6	3	0	30
0402000400	105	30	8	3	0	0
0402000410	1305	30	8	3	0	0
0402000411	1302	30	8	3	0	0
0402000412	1303	30	8	3	0	0
0402000413	1303	30	8	3	0	0
0402000420	1301	30	8	3	0	0
0402000421	1302	30	8	3	0	0
0402000422	1303	30	8	3	0	0
0402000423	1305	30	8	3	0	0
0402000430	105	30	8	3	0	0
0402000431	1301	30	8	3	0	0
0402000432	1302	30	8	3	0	0
0402000433	1303	30	8	3	0	0
0402000434	1305	30	8	3	0	30
0402000500	105	40	10	3	0	0
0402000510	1305	40	10	3	0	0
0402000511	1302	40	10	3	0	0
0402000512	1303	40	10	3	0	0
0402000513	1303	40	10	3	0	0
0402000520	1301	40	10	3	0	0
0402000521	1302	40	10	3	0	0
0402000522	1303	40	10	3	0	0
0402000523	1305	40	10	3	0	0
0402000530	105	40	10	3	0	0
0402000531	1301	40	10	3	0	0
0402000532	1302	40	10	3	0	0
0402000533	1303	40	10	3	0	0
0402000534	1305	40	10	3	0	30
0402000600	105	50	12	3	0	0
0402000610	1305	50	12	3	0	0
0402000611	1302	50	12	3	0	0
0402000612	1303	50	12	3	0	0
0402000613	1303	50	12	3	0	0
0402000620	1301	50	12	3	0	0
0402000621	1302	50	12	3	0	0
0402000622	1303	50	12	3	0	0
0402000623	1305	50	12	3	0	0
0402000630	105	50	12	3	0	0
0402000631	1301	50	12	3	0	0
0402000632	1302	50	12	3	0	0
0402000633	1303	50	12	3	0	0
0402000634	1305	50	12	3	0	30
0403000100	206	5	2	3	0	0
0403000110	1304	5	2	3	0	0
0403000111	1302	5	2	3	0	0
0403000112	1303	5	2	3	0	0
0403000113	1303	5	2	3	0	0
0403000120	1301	5	2	3	0	0
0403000121	1302	5	2	3	0	0
0403000122	1303	5	2	3	0	0
0403000123	1304	5	2	3	0	0
0403000130	206	5	2	3	0	0
0403000131	1301	5	2	3	0	0
0403000132	1302	5	2	3	0	0
0403000133	1303	5	2	3	0	0
0403000134	1304	5	2	3	0	30
0403000200	206	10	4	3	0	0
0403000210	1304	10	4	3	0	0
0403000211	1302	10	4	3	0	0
0403000212	1303	10	4	3	0	0
0403000213	1303	10	4	3	0	0
0403000220	1301	10	4	3	0	0
0403000221	1302	10	4	3	0	0
0403000222	1303	10	4	3	0	0
0403000223	1304	10	4	3	0	0
0403000230	206	10	4	3	0	0
0403000231	1301	10	4	3	0	0
0403000232	1302	10	4	3	0	0
0403000233	1303	10	4	3	0	0
0403000234	1304	10	4	3	0	30
0403000300	206	20	6	3	0	0
0403000310	1304	20	6	3	0	0
0403000311	1302	20	6	3	0	0
0403000312	1303	20	6	3	0	0
0403000313	1303	20	6	3	0	0
0403000320	1301	20	6	3	0	0
0403000321	1302	20	6	3	0	0
0403000322	1303	20	6	3	0	0
0403000323	1304	20	6	3	0	0
0403000330	206	20	6	3	0	0
0403000331	1301	20	6	3	0	0
0403000332	1302	20	6	3	0	0
0403000333	1303	20	6	3	0	0
0403000334	1304	20	6	3	0	30
0403000400	206	30	8	3	0	0
0403000410	1304	30	8	3	0	0
0403000411	1302	30	8	3	0	0
0403000412	1303	30	8	3	0	0
0403000413	1303	30	8	3	0	0
0403000420	1301	30	8	3	0	0
0403000421	1302	30	8	3	0	0
0403000422	1303	30	8	3	0	0
0403000423	1304	30	8	3	0	0
0403000430	206	30	8	3	0	0
0403000431	1301	30	8	3	0	0
0403000432	1302	30	8	3	0	0
0403000433	1303	30	8	3	0	0
0403000434	1304	30	8	3	0	30
0403000500	206	40	10	3	0	0
0403000510	1304	40	10	3	0	0
0403000511	1302	40	10	3	0	0
0403000512	1303	40	10	3	0	0
0403000513	1303	40	10	3	0	0
0403000520	1301	40	10	3	0	0
0403000521	1302	40	10	3	0	0
0403000522	1303	40	10	3	0	0
0403000523	1304	40	10	3	0	0
0403000530	206	40	10	3	0	0
0403000531	1301	40	10	3	0	0
0403000532	1302	40	10	3	0	0
0403000533	1303	40	10	3	0	0
0403000534	1304	40	10	3	0	30
0403000600	206	50	12	3	0	0
0403000610	1304	50	12	3	0	0
0403000611	1302	50	12	3	0	0
0403000612	1303	50	12	3	0	0
0403000613	1303	50	12	3	0	0
0403000620	1301	50	12	3	0	0
0403000621	1302	50	12	3	0	0
0403000622	1303	50	12	3	0	0
0403000623	1304	50	12	3	0	0
0403000630	206	50	12	3	0	0
0403000631	1301	50	12	3	0	0
0403000632	1302	50	12	3	0	0
0403000633	1303	50	12	3	0	0
0403000634	1304	50	12	3	0	30
0404000100	101	5	2	3	0	0
0404000110	1305	5	2	3	0	0
0404000111	1302	5	2	3	0	0
0404000112	1303	5	2	3	0	0
0404000113	1303	5	2	3	0	0
0404000120	1301	5	2	3	0	0
0404000121	1302	5	2	3	0	0
0404000122	1303	5	2	3	0	0
0404000123	1305	5	2	3	0	0
0404000130	101	5	2	3	0	0
0404000131	1301	5	2	3	0	0
0404000132	1302	5	2	3	0	0
0404000133	1303	5	2	3	0	0
0404000134	1305	5	2	3	0	30
0404000200	101	10	4	3	0	0
0404000210	1305	10	4	3	0	0
0404000211	1302	10	4	3	0	0
0404000212	1303	10	4	3	0	0
0404000213	1303	10	4	3	0	0
0404000220	1301	10	4	3	0	0
0404000221	1302	10	4	3	0	0
0404000222	1303	10	4	3	0	0
0404000223	1305	10	4	3	0	0
0404000230	101	10	4	3	0	0
0404000231	1301	10	4	3	0	0
0404000232	1302	10	4	3	0	0
0404000233	1303	10	4	3	0	0
0404000234	1305	10	4	3	0	30
0404000300	101	20	6	3	0	0
0404000310	1305	20	6	3	0	0
0404000311	1302	20	6	3	0	0
0404000312	1303	20	6	3	0	0
0404000313	1303	20	6	3	0	0
0404000320	1301	20	6	3	0	0
0404000321	1302	20	6	3	0	0
0404000322	1303	20	6	3	0	0
0404000323	1305	20	6	3	0	0
0404000330	101	20	6	3	0	0
0404000331	1301	20	6	3	0	0
0404000332	1302	20	6	3	0	0
0404000333	1303	20	6	3	0	0
0404000334	1305	20	6	3	0	30
0404000400	101	30	8	3	0	0
0404000410	1305	30	8	3	0	0
0404000411	1302	30	8	3	0	0
0404000412	1303	30	8	3	0	0
0404000413	1303	30	8	3	0	0
0404000420	1301	30	8	3	0	0
0404000421	1302	30	8	3	0	0
0404000422	1303	30	8	3	0	0
0404000423	1305	30	8	3	0	0
0404000430	101	30	8	3	0	0
0404000431	1301	30	8	3	0	0
0404000432	1302	30	8	3	0	0
0404000433	1303	30	8	3	0	0
0404000434	1305	30	8	3	0	30
0404000500	101	40	10	3	0	0
0404000510	1305	40	10	3	0	0
0404000511	1302	40	10	3	0	0
0404000512	1303	40	10	3	0	0
0404000513	1303	40	10	3	0	0
0404000520	1301	40	10	3	0	0
0404000521	1302	40	10	3	0	0
0404000522	1303	40	10	3	0	0
0404000523	1305	40	10	3	0	0
0404000530	101	40	10	3	0	0
0404000531	1301	40	10	3	0	0
0404000532	1302	40	10	3	0	0
0404000533	1303	40	10	3	0	0
0404000534	1305	40	10	3	0	30
0404000600	101	50	12	3	0	0
0404000610	1305	50	12	3	0	0
0404000611	1302	50	12	3	0	0
0404000612	1303	50	12	3	0	0
0404000613	1303	50	12	3	0	0
0404000620	1301	50	12	3	0	0
0404000621	1302	50	12	3	0	0
0404000622	1303	50	12	3	0	0
0404000623	1305	50	12	3	0	0
0404000630	101	50	12	3	0	0
0404000631	1301	50	12	3	0	0
0404000632	1302	50	12	3	0	0
0404000633	1303	50	12	3	0	0
0404000634	1305	50	12	3	0	30
0405000100	501	5	2	3	0	0
0405000110	1304	5	2	3	0	0
0405000111	1302	5	2	3	0	0
0405000112	1303	5	2	3	0	0
0405000113	1303	5	2	3	0	0
0405000120	1301	5	2	3	0	0
0405000121	1302	5	2	3	0	0
0405000122	1303	5	2	3	0	0
0405000123	1304	5	2	3	0	0
0405000130	501	5	2	3	0	0
0405000131	1301	5	2	3	0	0
0405000132	1302	5	2	3	0	0
0405000133	1303	5	2	3	0	0
0405000134	1304	5	2	3	0	30
0405000200	501	10	4	3	0	0
0405000210	1304	10	4	3	0	0
0405000211	1302	10	4	3	0	0
0405000212	1303	10	4	3	0	0
0405000213	1303	10	4	3	0	0
0405000220	1301	10	4	3	0	0
0405000221	1302	10	4	3	0	0
0405000222	1303	10	4	3	0	0
0405000223	1304	10	4	3	0	0
0405000230	501	10	4	3	0	0
0405000231	1301	10	4	3	0	0
0405000232	1302	10	4	3	0	0
0405000233	1303	10	4	3	0	0
0405000234	1304	10	4	3	0	30
0405000300	501	20	6	3	0	0
0405000310	1304	20	6	3	0	0
0405000311	1302	20	6	3	0	0
0405000312	1303	20	6	3	0	0
0405000313	1303	20	6	3	0	0
0405000320	1301	20	6	3	0	0
0405000321	1302	20	6	3	0	0
0405000322	1303	20	6	3	0	0
0405000323	1304	20	6	3	0	0
0405000330	501	20	6	3	0	0
0405000331	1301	20	6	3	0	0
0405000332	1302	20	6	3	0	0
0405000333	1303	20	6	3	0	0
0405000334	1304	20	6	3	0	30
0405000400	501	30	8	3	0	0
0405000410	1304	30	8	3	0	0
0405000411	1302	30	8	3	0	0
0405000412	1303	30	8	3	0	0
0405000413	1303	30	8	3	0	0
0405000420	1301	30	8	3	0	0
0405000421	1302	30	8	3	0	0
0405000422	1303	30	8	3	0	0
0405000423	1304	30	8	3	0	0
0405000430	501	30	8	3	0	0
0405000431	1301	30	8	3	0	0
0405000432	1302	30	8	3	0	0
0405000433	1303	30	8	3	0	0
0405000434	1304	30	8	3	0	30
0405000500	501	40	10	3	0	0
0405000510	1304	40	10	3	0	0
0405000511	1302	40	10	3	0	0
0405000512	1303	40	10	3	0	0
0405000513	1303	40	10	3	0	0
0405000520	1301	40	10	3	0	0
0405000521	1302	40	10	3	0	0
0405000522	1303	40	10	3	0	0
0405000523	1304	40	10	3	0	0
0405000530	501	40	10	3	0	0
0405000531	1301	40	10	3	0	0
0405000532	1302	40	10	3	0	0
0405000533	1303	40	10	3	0	0
0405000534	1304	40	10	3	0	30
0405000600	501	50	12	3	0	0
0405000610	1304	50	12	3	0	0
0405000611	1302	50	12	3	0	0
0405000612	1303	50	12	3	0	0
0405000613	1303	50	12	3	0	0
0405000620	1301	50	12	3	0	0
0405000621	1302	50	12	3	0	0
0405000622	1303	50	12	3	0	0
0405000623	1304	50	12	3	0	0
0405000630	501	50	12	3	0	0
0405000631	1301	50	12	3	0	0
0405000632	1302	50	12	3	0	0
0405000633	1303	50	12	3	0	0
0405000634	1304	50	12	3	0	30
0406000100	109	5	2	3	0	0
0406000110	1305	5	2	3	0	0
0406000111	1302	5	2	3	0	0
0406000112	1303	5	2	3	0	0
0406000113	1303	5	2	3	0	0
0406000120	1301	5	2	3	0	0
0406000121	1302	5	2	3	0	0
0406000122	1303	5	2	3	0	0
0406000123	1305	5	2	3	0	0
0406000130	109	5	2	3	0	0
0406000131	1301	5	2	3	0	0
0406000132	1302	5	2	3	0	0
0406000133	1303	5	2	3	0	0
0406000134	1305	5	2	3	0	30
0406000200	109	10	4	3	0	0
0406000210	1305	10	4	3	0	0
0406000211	1302	10	4	3	0	0
0406000212	1303	10	4	3	0	0
0406000213	1303	10	4	3	0	0
0406000220	1301	10	4	3	0	0
0406000221	1302	10	4	3	0	0
0406000222	1303	10	4	3	0	0
0406000223	1305	10	4	3	0	0
0406000230	109	10	4	3	0	0
0406000231	1301	10	4	3	0	0
0406000232	1302	10	4	3	0	0
0406000233	1303	10	4	3	0	0
0406000234	1305	10	4	3	0	30
0406000300	109	20	6	3	0	0
0406000310	1305	20	6	3	0	0
0406000311	1302	20	6	3	0	0
0406000312	1303	20	6	3	0	0
0406000313	1303	20	6	3	0	0
0406000320	1301	20	6	3	0	0
0406000321	1302	20	6	3	0	0
0406000322	1303	20	6	3	0	0
0406000323	1305	20	6	3	0	0
0406000330	109	20	6	3	0	0
0406000331	1301	20	6	3	0	0
0406000332	1302	20	6	3	0	0
0406000333	1303	20	6	3	0	0
0406000334	1305	20	6	3	0	30
0406000400	109	30	8	3	0	0
0406000410	1305	30	8	3	0	0
0406000411	1302	30	8	3	0	0
0406000412	1303	30	8	3	0	0
0406000413	1303	30	8	3	0	0
0406000420	1301	30	8	3	0	0
0406000421	1302	30	8	3	0	0
0406000422	1303	30	8	3	0	0
0406000423	1305	30	8	3	0	0
0406000430	109	30	8	3	0	0
0406000431	1301	30	8	3	0	0
0406000432	1302	30	8	3	0	0
0406000433	1303	30	8	3	0	0
0406000434	1305	30	8	3	0	30
0406000500	109	40	10	3	0	0
0406000510	1305	40	10	3	0	0
0406000511	1302	40	10	3	0	0
0406000512	1303	40	10	3	0	0
0406000513	1303	40	10	3	0	0
0406000520	1301	40	10	3	0	0
0406000521	1302	40	10	3	0	0
0406000522	1303	40	10	3	0	0
0406000523	1305	40	10	3	0	0
0406000530	109	40	10	3	0	0
0406000531	1301	40	10	3	0	0
0406000532	1302	40	10	3	0	0
0406000533	1303	40	10	3	0	0
0406000534	1305	40	10	3	0	30
0406000600	109	50	12	3	0	0
0406000610	1305	50	12	3	0	0
0406000611	1302	50	12	3	0	0
0406000612	1303	50	12	3	0	0
0406000613	1303	50	12	3	0	0
0406000620	1301	50	12	3	0	0
0406000621	1302	50	12	3	0	0
0406000622	1303	50	12	3	0	0
0406000623	1305	50	12	3	0	0
0406000630	109	50	12	3	0	0
0406000631	1301	50	12	3	0	0
0406000632	1302	50	12	3	0	0
0406000633	1303	50	12	3	0	0
0406000634	1305	50	12	3	0	30
0602060110	206	50	12	5	10000	90
0602060111	206	100	12	5	20000	90
0605010210	501	50	12	5	100000	90
0605010211	501	100	12	5	200000	90
